abe rauch->aber auch
abgarbeitet->abgearbeitet
abgeschalten->abgeschaltet
abrechen->abbrechen
Abstatzstil->Absatzstil
Addresse->Adresse
agressiv->aggressiv
Akkustik->Akustik
albel->Label
allle->alle
Amalgan->Amalgam
Amaturenbrett->Armaturenbrett
Ananlyse->Analyse
anbgeboten->angeboten
and->an
andersweitig->anderweitig
and->und
Anforderrungen->Anforderungen
angzeigt->angezeigt
Ärgerniss->Ärgernis
Artzt->Arzt
assozial->asozial
Athmosphäre->Atmosphäre
Atrappe->Attrappe
Aufage->Aufgabe
Aufagen->Aufgaben
Aufzeichnugnen->Aufzeichnungen
auschalten->ausschalten
Ausdrcuk->Ausdruck
Ausführungsgeschwindigkeit->Ausführungszeit
außderem->außerdem
ausser->außer
ausserdem->außerdem
Ausstatting->Ausstattung
authenifizieren->authentifizieren
authorisieren->autorisieren
authorisiert->autorisiert
Authorisierung->Autorisierung
autoamzisch->automatisch
Avionk->Avionik
beeendet->beendet
befel->befehl
befele->befehle
beinghaltet->beinhaltet
Beleuchtunsprobe->Beleuchtungsprobe
Beratunsgespräch->Beratungsgespräch
Besprechungsprtokoll->Besprechungsprotokoll
bestägtigen->bestätigen
Bewerbungfotos->Bewerbungsfotos
Bewerbunggespräche->Bewerbungsgespräche
Billiard->Billard
binaer->binär
bischen->bisschen
Bisquit->Biskuit
bombadieren->bombardieren
brilliant->brillant
Campell->Campbell
Capuccino->Cappuccino
cleaver->clever
Codierung->Kodierung
comming->coming
Cosinus->Kosinus
das das->das
das selbe->dasselbe
Datein->Dateien
Datne->Daten
Datnesicherungskonzept->Datensicherungskonzept
der der->der
desshalb->deshalb
detailiert->detailliert
detailierte->detaillierte
die die->die
dilletantisch->dilettantisch
Diphterie->Diphtherie
Diplomanten->Diplomanden
Disaster->Desaster
dne->den
Documents->Dokuments
Dokumenation->Dokumenation
dokumentes->dokuments
draussen->draußen
duch->durch
dynamicaly->dynamically
Effeckt->Effekt
Eigenbrödler->Eigenbrötler
eigendlich->eigentlich
einaml->einmal
Einflußgrößen->Einflussgrößen
eingschaltet->eingeschaltet
Einschag->Einschlag
Einschagskrater->Einschlagskrater
Einstellingen->Einstellungen
einzelnd->einzeln
einzigste->einzige
eleminieren->eliminieren
e-Mail->E-Mail
eMail->E-Mail
Email->E-Mail
englsich->englisch
ensprechenden->entsprechenden
Entdckung->Entdeckung
Entgeld->Entgelt
entgültig->endgültig
entlich->endlich
entonmmen->entnommen
entscheident->entscheidend
entwickleln->entwickeln
Enwicklergruppe->Entwicklergruppe
Enwicklergruppen->Entwicklergruppen
Ereignisandzeige->Ereignisanzeige
Ereigns->Ereignis
Ergebniss->Ergebnis
Erignisprotokoll->Ereignisprotokoll
Erlaubniss->Erlaubnis
erlischen, wenn->erloschen sein, wenn
Erwiederung->Erwiderung
erziehlen->erzielen
es es->es
ettliche->etliche
Extase->Ekstase
Fehlerberg->Fehlberg
fehl->fehlt
Fehlfuktion->Fehlfunktion
fesgtgesegtzgt->festgesetzt
fiel->viel
fluoriszierend->fluoreszierend
foglich->folglich
Forumlar->Fromular
Fotrderungen->Forderungen
fröhnen->frönen
Gallerie->Galerie
Gallionsfigur->Galionsfigur
ganzahlig->ganzzahlig
geaschlossen->geschlossen
Gebahren->Gebaren
gebuildet->gebildet
Gedult->Geduld
gefixed->gefixt
Geheimniss->Geheimnis
Gehhllfen->Gehhilfen
Gelantine->Gelatine
gelegendlich->gelegentlich
geleichen->gleichen
Gernerierung->Generierung
gesäht->gesät
gesammt->gesamt
gesponsort->gesponsert
gestallten->gestalten
git->gibt
gothisch->gotisch
Gradwanderung->Gratwanderung
Gries->Grieß
gröhlen->grölen
hälst->hältst
Haurat->Hausrat
herraus->heraus
herrum->herum
Heruasforderung->Herausforderung
hiefür->hierfür
Hinderniss->Hindernis
Hinweiss->Hinweis
hoffendlich->hoffentlich
horrente->horrende
HTLM->HTML
Hyperbolikus->Hyperbolicus
Idiologie->Ideologie
Imbus->Inbus
impelmentiert->implementiert
inclusive->inklusive
in dem->indem
Inforamtionen->Informationen
Informand->Informant
Ingredenzien->Ingredienzien
Initiialisierung->Initialisierung
insgesammt->insgesamt
in's->ins
in so fern->insofern
in sofern->insofern
Intallation->Installation
integation->integration
interresant->interessant
interresting->interesting
intigrieren->integrieren
in wie fern->inwiefern
in wiefern->inwiefern
in wie weit->inwieweit
in wieweit->inwieweit
irgenwas->irgendwas
ist die das->ist es das
jagd->jagt
Jagt->Jagd
Jahnuar->Januar
jederman->jedermann
jeweiligen Projekt->jeweiligen Projekts
Kandarre->Kandare
Kecks->Keks
Kenntisse->Kenntnisse
Kenntniss->Kenntnis
Koffeein->Koffein
Komentaren->Kommentaren
Komillitone->Kommilitone
Komission->Kommission
Kommitee->Komitee
kommmt->kommt
konistenten->konsistenten
konsilarisch->konsiliarisch
Koordiantenarten->Koordinatenarten
kovertieren->konvertieren
Kriese->Krise
kunfktionsfähig->funktionsfähig
Lapalie->Lappalie
läßtig->lästig
leezeichen->Leerzeichen
letzendlich->letztendlich
letzlich->letztlich
Lieber Her->Lieber Herr
lies->ließ
ließ->lies
liess->ließ
ließt->liest
Lilliputaner->Liliputaner
Litfasssäule->Litfaßsäule
lizensieren->lizenzieren
Lizensierung->Lizenzierung
Lizens->Lizenz
Lybien->Libyen
maniriert->manieriert
marcro->macro
Maschiene->Maschine
Maschienen->Maschinen
meißte->meiste
meißt->meist
mieserabel->miserabel
Milimeter->Millimeter
min nicht->mit nicht
Modusse->Modi
montalichen->monatlichen
nach dem->nachdem
Nachname->Nachnahme
nachsten->nächsten
nachwievor->nach wie vor
nähmlich->nämlich
narzistisch->narzisstisch
nciht->nicht
nerfen->nerven
neuseten->neuesten
nichts desto trotz->nichtsdestotrotz
nießen->niesen
Noitz->Notiz
Nomenklartur->Nomenklatur
notewendige->notwendige
numerierrung->nummerierung
Obulus->Obolus
optimalste->optimale
Ordung->Ordnung
Ordunung->Ordnung
Orginal->Original
Ornder->Ordner
over-riding->overriding
Packet->Paket
pallitativ->palliativ
paralell->parallel
Paswörter->Passwörter
Paswwort->Passwort
Pavillion->Pavillon
pieken->piken
pieksen->piksen
Platformtyp->Plattformtyp
Platttormtyp->Plattformtyp
Potenzreihintegrator->Potenzreihenintegrator
prakmatisch->pragmatisch
Praktikas->Praktika
prinizpiell->prinzipiell
processes->Prozessen
Proffessor->Professor
profozieren->provozieren
Program->Programm
Projektstruktureplans->Projektstrukturplans
projezieren->projizieren
Prophezeihung->Prophezeiung
Prüdsummen->Prüfsummen
Prüdsumme->Prüfsumme
Qualiät->Qualität
Qualifkation->Qualifikation
Qualifkationsbedarf->Qualifikationsbedarf
qualitätssicherende->qualitätssichernde
rauh->rau
Rechts-klick->Rechtsklick
Reflektion->Reflexion
regestrieren->registrieren
Regestry->Registry
Religiösität->Religiosität
reperatur->Reparatur
Reperatur->Reparatur
reperieren->reparieren
reporduzieren->reproduzieren
Representation->Repräsentation
Repzepte->Rezepte
requiremens->requirements
resetet->führt einen Reset durch
resliche->restliche
Resourcen->Ressourcen
Resource->Ressource
Restgliederfehler->Restgliedfehler
rethorisch->rhetorisch
revangieren->revanchieren
revevanten->relevanten
rezepieren->rezipieren
rezepiert->rezipiert
rhethorisch->rhetorisch
Rhytmus->Rhythmus
rießig->riesig
Rückgrad->Rückgrat
Rückrad->Rückgrat
Rückrat->Rückgrat
Rythmus->Rhythmus
Schärflein->Scherflein
Scheifenausführung->Schleifenausführung
Schermetalle->Schwermetalle
schliesslich->schließlich
Script->Skript
seelig->selig
seit dem->seitdem
seperat->separat
Seriösität->Seriosität
signifikatner->signifikanter
Sitaution->Situation
skurill->skurril
skuril->skurril
Softwarepackete->Softwarepakete
Softwwareversion->Softwareversion
Spass->Spaß
Speoche->Speicher
Spirenzchen->Sperenzchen
Splenkörper->Spulenkörper
sponsorn->sponsern
sprigst->springst
Standart->Standard
Stati->Status
Statusse->Status
Stehgreif->Stegreif
Stellenzeige->Stellenanzeige
Stelleschrauben->Stellschrauben
stopp->stop
Stopp->Stop
Studenabrechnung->Stundenabrechnung
stuhr->stur
substraction->subtraction
subsummieren->subsumieren
Sylvester->Silvester
Symtome->Symptome
Syphon->Siphon
Tabets->Tabletts
Terasse->Terrasse
Terrabyte->Terabyte
Teststragegieen->Teststrategien
Thermopen->Thermopane
Tipp->Tip
togglen->toggeln
totlangweilig->todlangweilig
totschick->todschick
Übergangskriteren->Übergangskriterien
Umbgebung->Umbgebung
unentgeldlich->unentgeltlich
unverholen->unverhohlen
unzufireden->unzufrieden
ursprünglcih->ursprünglich
Verandstaltung->Veranstaltung
Verließ->Verlies
Verpsrechungen->Versprechungen
verschiendenen->verschiedenen
Verwandschaft->Verwandtschaft
Verzeichniss->Verzeichnis
Virschutz->Virenschutz
Vorang->Vorrang
vor haben->vorhaben
vorraus->voraus
währe->wäre
warden->wurden
wärend->während
webbbasierten->webbasierten
Wehmutstropfen->Wermutstropfen
Wehrmutstropfen->Wermutstropfen
weiss->weiß
wesshalb->weshalb
Wettezll->Wettzell
wiederrum->wiederum
Wiedersacher->Widersacher
wiederspiegeln->widerspiegeln
wiederspinstig->widerspenstig
Winsows->Windows
witmen->widmen
Wod->Word
ziffernblatt->zifferblatt
zu einzusparen->einzusparen
zu Gurte->zu Gute
Zwischenritten->Zwischenschritten
